time,epost,favoritt,oppgave,visning,klikk,besokende,engang,totilfem,merennfem
2021-06-13 13:18:09.883782,-,16,1,1,289,244,213,31,0
2021-06-13 13:18:56.702064,-,16,1,1,289,246,215,31,0
2021-06-13 13:21:13.708220,-,16,1,1,295,249,217,32,0
2021-06-13 13:22:53.194509,-,16,1,1,296,249,217,32,0
2021-06-13 13:23:24.526967,-,16,1,1,296,249,217,32,0
2021-06-13 13:25:28.398335,-,16,1,1,299,252,220,32,0
2021-06-13 13:26:14.653290,-,16,1,1,301,252,220,32,0
2021-06-13 13:41:57.568679,-,16,1,1,315,267,234,33,0
2021-06-13 13:57:13.661024,-,17,1,1,344,293,257,36,0
2021-06-13 14:12:30.300440,-,19,1,1,358,307,271,36,0
2021-06-13 14:27:47.052686,-,20,1,1,384,325,285,39,1
2021-06-13 14:43:04.269731,-,20,1,1,397,336,295,40,1
2021-06-13 14:58:21.178725,-,20,1,1,417,350,306,43,1
2021-06-13 15:13:40.828244,-,21,1,1,431,359,311,47,1
2021-06-13 15:28:57.387166,-,22,1,1,445,370,320,49,1
2021-06-13 15:44:13.871007,-,23,1,1,456,379,327,51,1
2021-06-13 15:59:30.042007,-,24,1,1,467,387,333,53,1
2021-06-13 16:14:47.414117,-,24,1,1,481,401,347,53,1
2021-06-13 16:30:04.409031,-,25,1,1,494,414,360,53,1
2021-06-13 16:45:21.001319,-,28,1,1,513,430,374,55,1
2021-06-13 17:00:38.504994,-,30,1,1,526,441,383,57,1
2021-06-13 17:15:58.207341,-,32,1,1,544,453,390,62,1
2021-06-13 17:31:15.104938,-,33,1,1,561,467,402,64,1
2021-06-13 17:46:32.337260,-,34,1,1,577,481,415,65,1
2021-06-13 18:01:49.105451,-,34,1,1,584,488,422,65,1
2021-06-13 18:17:06.103201,-,34,1,1,594,497,430,66,1
2021-06-13 18:32:23.793619,-,34,1,1,602,503,434,68,1
2021-06-13 18:47:39.916950,-,36,1,1,614,513,442,70,1
2021-06-13 19:02:55.597547,-,36,1,1,628,526,454,71,1
2021-06-13 19:18:11.873902,-,36,1,1,642,538,464,73,1
2021-06-13 19:33:32.809225,-,36,1,1,652,546,471,74,1
2021-06-13 19:48:50.067749,-,37,1,1,662,554,477,76,1
2021-06-13 20:04:07.652204,-,37,1,1,671,563,486,76,1
2021-06-13 20:19:24.270914,-,38,1,1,682,572,495,76,1
2021-06-13 20:34:37.213932,-,38,1,1,692,580,502,77,1
2021-06-13 21:05:12.655439,-,40,1,1,722,601,519,81,1
2021-06-13 21:20:28.764333,-,41,1,1,735,612,529,82,1
2021-06-13 21:35:45.283334,-,41,1,1,749,621,534,86,1
2021-06-13 21:51:02.875436,-,41,1,1,760,629,540,88,1
2021-06-13 22:06:23.264977,-,42,1,1,772,641,551,89,1
2021-06-13 22:21:40.821210,-,42,1,1,787,653,560,92,1
2021-06-13 22:36:57.971246,-,42,1,1,799,661,565,95,1
2021-06-13 22:52:14.763400,-,42,1,1,809,669,571,97,1
2021-06-13 23:07:31.331493,-,43,1,1,814,671,571,99,1
2021-06-13 23:22:49.305246,-,43,2,2,822,675,574,100,1
2021-06-13 23:38:06.221233,-,44,2,2,833,679,578,98,3
2021-06-13 23:44:15.814664,-,44,2,2,834,679,578,98,3
2021-06-13 23:59:31.751194,-,44,2,2,836,681,580,98,3
2021-06-14 00:14:47.842979,-,44,2,2,837,681,580,98,3
2021-06-14 00:30:03.809864,-,44,2,2,837,681,580,98,3
2021-06-14 00:45:20.099022,-,44,2,2,837,681,580,98,3
2021-06-14 01:00:36.807106,-,44,2,2,837,681,580,98,3
2021-06-14 01:15:53.035087,-,44,2,2,837,681,580,98,3
2021-06-14 01:31:09.688222,-,44,2,2,837,681,580,98,3
2021-06-14 01:46:25.534431,-,44,2,2,837,681,580,98,3
2021-06-14 02:01:42.240071,-,44,2,2,855,698,595,100,3
2021-06-14 02:16:58.874178,-,44,2,2,855,698,595,100,3
2021-06-14 02:32:14.779911,-,44,2,2,856,699,596,100,3
2021-06-14 02:47:30.567973,-,44,2,2,856,699,596,100,3
2021-06-14 03:02:46.628515,1 646,44,2,2,857,700,597,100,3
2021-06-14 03:18:02.966121,1 646,44,2,2,858,701,598,100,3
2021-06-14 03:33:18.789363,1 646,44,2,2,858,701,598,100,3
2021-06-14 03:48:34.511523,1 646,44,2,2,858,701,598,100,3
2021-06-14 04:03:50.727109,1 646,44,2,2,859,702,599,100,3
2021-06-14 04:19:06.690979,1 646,44,2,2,860,703,600,100,3
2021-06-14 04:34:22.732123,1 646,44,2,2,861,703,600,100,3
2021-06-14 04:49:38.608164,1 646,44,2,2,863,705,601,101,3
2021-06-14 05:04:54.731098,1 646,44,2,2,864,706,602,101,3
2021-06-14 05:20:10.727174,1 646,44,2,2,864,706,602,101,3
2021-06-14 05:35:26.800975,1 646,44,2,2,865,707,603,101,3
2021-06-14 05:50:42.607778,1 646,44,2,2,868,709,604,102,3
2021-06-14 06:05:58.765152,1 646,44,2,2,868,709,604,102,3
2021-06-14 06:21:14.717711,1 646,44,2,2,868,709,604,102,3
2021-06-14 06:36:30.599115,1 646,44,2,2,0,0,0,0,0
2021-06-14 06:51:47.392765,1 646,44,2,2,872,713,608,102,3
2021-06-14 07:07:04.279965,1 646,44,2,2,875,716,611,102,3
2021-06-14 07:22:20.702949,1 646,44,2,2,882,722,616,103,3
2021-06-14 07:37:37.341779,1 646,45,2,2,887,725,618,104,3
2021-06-14 07:52:53.548876,1 646,45,2,2,892,730,623,104,3
2021-06-14 08:08:10.434267,1 646,45,2,2,894,732,625,104,3
2021-06-14 08:23:26.658582,1 646,45,3,2,900,737,629,105,3
2021-06-14 08:38:42.714851,1 646,45,3,2,903,740,632,105,3
2021-06-14 08:53:59.060679,1 646,45,3,2,908,744,635,106,3
2021-06-14 09:09:19.753948,1 646,45,3,2,910,745,635,107,3
2021-06-14 09:24:35.622969,1 646,46,3,2,914,747,635,109,3
2021-06-14 09:39:52.184654,1 646,46,3,2,920,752,639,110,3
2021-06-14 09:55:08.939803,1 646,47,3,2,924,756,643,110,3
2021-06-14 10:10:25.024185,1 646,47,3,2,931,763,650,110,3
2021-06-14 10:25:42.045364,1 646,47,3,2,942,771,654,114,3
2021-06-14 10:41:00.485307,1 646,48,3,2,948,775,658,114,3
2021-06-14 10:56:16.833073,1 646,48,3,2,950,777,660,114,3
2021-06-14 11:11:33.088732,1 646,48,3,2,952,779,662,114,3
2021-06-14 11:26:50.117931,1 646,49,3,2,959,786,669,114,3
2021-06-14 11:42:08.631980,1 646,49,3,2,967,793,675,115,3
2021-06-14 11:57:27.226012,1 646,50,3,2,972,797,678,116,3
2021-06-14 12:12:45.152356,1 646,50,3,3,977,800,680,117,3
2021-06-14 12:28:01.791767,1 646,50,3,3,981,805,685,117,3
2021-06-14 12:43:17.843635,1 646,50,3,3,984,807,687,117,3
2021-06-14 12:58:36.284498,1 646,51,3,3,989,810,688,119,3
2021-06-14 13:13:52.855558,1 646,52,3,3,994,813,690,120,3
2021-06-14 13:29:11.156271,1 646,52,3,3,997,814,689,122,3
2021-06-14 13:44:29.548992,1 646,52,3,3,1 004,818,692,123,3
2021-06-14 14:15:13.040188,1 646,52,3,3,1 014,826,699,124,3
2021-06-14 14:30:32.710120,1 646,52,3,3,1 017,829,702,124,3
2021-06-14 14:45:54.927101,1 646,52,3,3,1 019,831,704,124,3
2021-06-14 15:01:12.224870,1 646,52,3,3,1 019,831,704,124,3
2021-06-14 15:16:29.418942,1 646,53,3,3,1 024,836,709,124,3
2021-06-14 15:31:46.475191,1 646,54,3,3,1 028,839,711,125,3
2021-06-14 15:47:03.223884,1 646,54,3,3,1 031,842,714,125,3
2021-06-14 16:02:20.136215,1 646,54,3,3,1 035,845,716,126,3
2021-06-14 16:17:39.718120,1 646,54,3,3,1 039,847,717,127,3
2021-06-14 16:33:04.494983,1 646,54,3,3,1 042,849,718,128,3
2021-06-14 16:48:20.737287,1 646,54,3,3,1 047,853,721,129,3
2021-06-14 17:03:37.036975,1 646,54,3,3,1 051,854,720,131,3
2021-06-14 17:18:54.326044,1 646,54,3,3,1 056,858,724,131,3
2021-06-14 17:34:17.135096,1 646,54,3,3,1 060,862,728,131,3
2021-06-14 17:49:33.696581,1 646,54,3,3,1 061,863,729,131,3
2021-06-14 18:04:50.332159,1 646,54,3,3,1 062,864,730,131,3
2021-06-14 18:20:06.495893,1 646,55,3,3,1 068,870,736,131,3
2021-06-14 18:35:23.567536,1 646,55,3,3,1 071,872,737,132,3
2021-06-14 18:50:40.570680,1 646,55,3,3,1 073,874,739,132,3
2021-06-14 19:05:57.153113,1 646,55,3,3,1 074,875,740,132,3
2021-06-14 19:21:16.224401,1 646,55,3,3,1 078,879,744,132,3
2021-06-14 19:36:32.824043,1 646,55,3,3,1 082,882,747,132,3
2021-06-14 19:51:48.589833,1 646,55,3,3,1 087,886,750,133,3
2021-06-14 20:07:04.599105,1 646,55,3,3,1 088,888,752,133,3
2021-06-14 20:22:25.602674,1 646,55,3,3,1 097,894,756,135,3
2021-06-14 20:37:42.546832,1 646,56,3,3,1 103,897,757,137,3
2021-06-14 20:53:00.342366,1 646,56,3,3,1 108,902,762,137,3
2021-06-14 21:08:17.177816,1 646,56,3,3,1 116,907,766,138,3
2021-06-14 21:39:08.437170,1 646,56,3,3,1 121,910,768,139,3
2021-06-14 21:54:28.096670,1 646,56,3,3,1 125,913,770,140,3
2021-06-14 22:09:58.670630,1 646,56,3,3,1 131,917,772,142,3
2021-06-14 22:25:17.360150,1 646,56,3,3,1 136,918,771,144,3
2021-06-14 22:40:34.661068,1 646,56,3,3,1 146,925,778,143,4
2021-06-14 22:55:50.628107,1 646,56,3,3,1 150,927,779,144,4
2021-06-14 23:11:06.779037,1 646,56,3,3,1 153,929,781,144,4
2021-06-14 23:21:44.727893,1 646,56,3,3,1 156,930,781,145,4
2021-06-14 23:37:00.666965,1 646,56,3,3,1 161,932,780,148,4
2021-06-14 23:52:17.188562,1 646,57,3,4,1 164,933,780,149,4
2021-06-15 00:07:33.738506,1 646,57,3,4,1 164,933,780,149,4
2021-06-15 00:22:49.902576,1 646,57,3,4,1 164,933,780,149,4
2021-06-15 00:38:05.548195,1 646,57,3,4,1 164,933,780,149,4
2021-06-15 00:53:21.919565,1 646,57,3,4,1 164,933,780,149,4
2021-06-15 01:08:38.106934,1 646,57,3,4,1 164,933,780,149,4
2021-06-15 01:23:55.079094,1 646,57,3,4,1 164,933,780,149,4
2021-06-15 01:39:11.549255,1 646,57,3,4,1 164,933,780,149,4
2021-06-15 01:54:27.540222,1 646,57,3,4,1 164,933,780,149,4
2021-06-15 02:09:43.919918,1 646,57,3,4,1 172,939,785,150,4
2021-06-15 02:24:59.922849,1 646,57,3,4,1 173,940,786,150,4
2021-06-15 02:40:15.547963,1 646,57,3,4,1 173,940,786,150,4
2021-06-15 02:55:31.741543,1 646,57,3,4,1 173,940,786,150,4
2021-06-15 03:10:48.920857,1 646,57,3,4,1 173,940,786,150,4
2021-06-15 03:26:04.631783,1 646,57,3,4,1 173,940,786,150,4
2021-06-15 03:41:21.140220,1 646,57,3,4,1 173,940,786,150,4
2021-06-15 03:56:37.760086,1 646,57,3,4,1 173,940,786,150,4
2021-06-15 04:11:53.981366,1 646,57,3,4,1 173,940,786,150,4
2021-06-15 04:27:10.641185,1 646,57,3,4,1 173,940,786,150,4
2021-06-15 04:42:26.821478,1 646,57,3,4,1 173,940,786,150,4
2021-06-15 04:57:42.769120,1 646,57,3,4,1 173,940,786,150,4
2021-06-15 05:12:58.837866,1 646,57,3,4,1 173,940,786,150,4
2021-06-15 05:28:15.278973,1 646,57,3,4,1 173,940,786,150,4
2021-06-15 05:43:31.887492,1 646,57,3,4,1 173,940,786,150,4
2021-06-15 05:58:47.968066,1 646,57,3,4,1 173,940,786,150,4
2021-06-15 06:14:03.562434,1 646,57,3,4,1 173,940,786,150,4
2021-06-15 06:29:21.667001,1 646,57,3,4,1 173,940,786,150,4
2021-06-15 06:44:37.486400,1 646,57,3,4,1 173,940,786,150,4
2021-06-15 06:59:53.774665,1 646,57,3,4,1 173,940,786,150,4
2021-06-15 07:15:09.777971,1 646,57,3,4,1 173,940,786,150,4
2021-06-15 07:30:25.513905,1 646,57,3,4,1 173,940,786,150,4
2021-06-15 07:45:41.532259,1 646,57,3,4,1 174,941,787,150,4
2021-06-15 08:00:57.628609,1 646,57,3,4,1 177,943,789,150,4
2021-06-15 08:16:13.836446,1 646,57,3,4,1 177,943,789,150,4
2021-06-15 08:31:29.741198,1 646,57,3,4,1 177,943,789,150,4
2021-06-15 08:46:46.239403,1 646,58,3,4,1 178,944,790,150,4
2021-06-15 09:02:04.943809,1 646,59,3,4,1 179,944,790,150,4
2021-06-15 09:17:20.755898,1 646,59,3,4,1 179,944,790,150,4
2021-06-15 09:32:36.763807,1 646,59,3,4,1 181,946,792,150,4
2021-06-15 09:47:52.702287,1 646,59,3,4,1 182,947,793,150,4
2021-06-15 10:18:29.480955,1 646,59,3,4,1 185,949,795,150,4
2021-06-15 10:33:45.645050,1 646,59,3,4,1 187,950,795,151,4
2021-06-15 10:49:01.547876,1 646,59,3,4,1 188,951,796,151,4
2021-06-15 11:04:17.688128,1 646,59,3,4,1 189,952,797,151,4
2021-06-15 11:19:34.691625,1 646,59,3,4,1 190,953,798,151,4
2021-06-15 11:34:50.836530,1 646,60,3,4,1 191,954,799,151,4
2021-06-15 11:50:07.003713,1 646,60,3,4,1 193,956,801,151,4
2021-06-15 12:20:35.872237,1 646,60,3,4,1 196,958,803,150,5
2021-06-15 12:35:51.900654,1 646,60,3,4,1 200,960,804,151,5
2021-06-15 12:51:08.343079,1 646,60,3,4,1 203,962,806,151,5
2021-06-15 13:06:24.719429,1 646,60,3,4,1 204,963,807,151,5
2021-06-15 13:37:24.375646,1 646,60,3,4,1 206,964,808,151,5
2021-06-15 13:52:40.883520,1 646,60,3,4,1 210,967,810,152,5
2021-06-15 14:07:56.700683,1 646,60,3,4,1 215,967,808,154,5
2021-06-15 14:23:13.326868,1 646,60,3,4,1 215,967,808,154,5
2021-06-15 14:38:29.700034,1 646,60,3,4,1 216,968,809,154,5
2021-06-15 14:53:45.857078,1 646,60,3,4,1 216,968,809,154,5
2021-06-15 15:09:01.712038,1 646,60,3,4,1 218,969,809,155,5
2021-06-15 15:24:17.777519,1 646,60,3,4,1 218,969,809,155,5
2021-06-15 15:39:33.789220,1 646,60,3,4,1 220,970,810,155,5
2021-06-15 15:54:49.902363,1 646,61,3,4,1 223,971,810,156,5
2021-06-15 16:10:06.159652,1 646,61,3,4,1 223,971,810,156,5
2021-06-15 16:25:22.663610,1 646,61,3,4,1 224,971,809,157,5
2021-06-15 16:40:38.797250,1 646,61,3,4,1 225,971,809,157,5
2021-06-15 16:55:54.523688,1 646,61,3,4,1 227,973,811,157,5
2021-06-15 17:26:23.639007,1 646,61,3,4,1 229,974,811,158,5
2021-06-15 17:41:40.114170,1 646,61,3,4,1 231,976,813,158,5
2021-06-15 17:56:56.570768,1 646,61,3,4,1 234,978,814,159,5
2021-06-15 18:12:12.750583,1 646,61,3,4,1 234,978,814,159,5
2021-06-15 18:27:31.368880,1 646,61,3,4,1 236,979,815,159,5
2021-06-15 18:42:47.825972,1 646,61,3,4,1 237,980,816,159,5
2021-06-15 18:58:04.038030,1 646,61,3,4,1 237,980,816,159,5
2021-06-15 19:13:21.562127,1 646,61,3,4,1 242,984,819,160,5
2021-06-15 19:28:39.241712,1 646,61,3,4,1 244,986,821,160,5
2021-06-15 19:43:56.173591,1 646,61,3,4,1 246,988,823,160,5
2021-06-15 19:59:13.188816,1 646,61,3,4,1 247,989,824,160,5
2021-06-15 20:14:29.757588,1 646,61,3,4,1 248,990,825,160,5
2021-06-15 20:29:50.016487,1 646,61,3,4,1 249,991,826,160,5
2021-06-15 20:45:08.851439,1 646,61,3,4,1 249,991,826,160,5
2021-06-15 21:00:32.628410,1 646,62,3,4,1 250,991,826,160,5
2021-06-15 21:15:48.945567,1 646,63,3,4,1 254,995,830,160,5
2021-06-15 21:31:05.756139,1 646,64,3,4,1 256,997,832,160,5
2021-06-15 21:46:22.625622,1 646,64,3,4,1 257,997,832,160,5
2021-06-15 22:01:39.532652,1 646,64,3,4,1 263,1003,838,160,5
2021-06-15 22:16:56.067814,1 646,64,3,4,1 267,1007,842,160,5
2021-06-15 22:32:15.864998,1 646,65,3,4,1 269,1009,844,160,5
2021-06-15 22:47:32.094206,1 646,65,3,4,1 269,1009,844,160,5
2021-06-15 23:18:11.056060,1 646,65,3,4,1 273,1013,848,160,5
2021-06-15 23:33:27.961658,1 646,65,3,4,1 275,1014,849,160,5
2021-06-15 23:48:45.378682,1 646,65,3,4,1 276,1014,849,160,5
2021-06-16 00:04:01.935985,1 646,65,3,4,1 277,1014,848,161,5
2021-06-16 00:19:17.724094,1 646,65,3,4,1 277,1014,848,161,5
2021-06-16 00:34:34.360177,1 646,65,3,4,1 277,1014,848,161,5
2021-06-16 00:49:50.878795,1 646,65,3,4,1 277,1014,848,161,5
2021-06-16 01:05:06.599979,1 646,65,3,4,1 277,1014,848,161,5
2021-06-16 01:20:22.880528,1 646,65,3,4,1 277,1014,848,161,5
2021-06-16 01:35:38.577661,1 646,65,3,4,1 277,1014,848,161,5
2021-06-16 01:50:55.102088,1 646,65,3,4,1 277,1014,848,161,5
2021-06-16 02:06:11.696501,1 646,65,3,4,1 289,1025,858,162,5
2021-06-16 02:21:27.596083,1 646,65,3,4,1 289,1025,858,162,5
2021-06-16 02:36:43.785088,1 646,65,3,4,1 289,1025,858,162,5
2021-06-16 02:51:59.673252,1 646,66,3,4,1 290,1025,857,163,5
2021-06-16 03:07:15.759997,1 646,66,3,4,1 290,1025,857,163,5
2021-06-16 03:22:31.833564,1 646,66,3,4,1 290,1025,857,163,5
2021-06-16 03:37:47.647574,1 646,66,3,4,1 290,1025,857,163,5
2021-06-16 03:53:03.661248,1 646,66,3,4,1 290,1025,857,163,5
2021-06-16 04:08:19.711180,1 646,66,3,4,1 290,1025,857,163,5
2021-06-16 04:23:35.562466,1 646,66,3,4,1 290,1025,857,163,5
2021-06-16 04:38:51.682346,1 646,66,3,4,1 291,1026,858,163,5
2021-06-16 04:54:07.659379,1 646,66,3,4,1 291,1026,858,163,5
2021-06-16 05:09:23.977625,1 646,66,3,4,1 291,1026,858,163,5
2021-06-16 05:24:39.730177,1 646,66,3,4,1 292,1026,858,163,5
2021-06-16 05:39:55.577988,1 646,66,3,4,1 293,1026,858,163,5
2021-06-16 05:55:11.596619,1 646,66,3,4,1 293,1026,858,163,5
2021-06-16 06:10:27.821565,1 646,66,3,4,1 293,1026,858,163,5
2021-06-16 06:25:43.860945,1 646,66,3,4,1 293,1026,858,163,5
2021-06-16 06:40:59.999450,1 646,66,3,4,1 293,1026,858,163,5
2021-06-16 06:56:16.706695,1 646,66,3,4,1 293,1026,858,163,5
2021-06-16 07:11:32.594562,1 646,66,3,4,1 294,1027,859,163,5
2021-06-16 07:26:48.701963,1 646,66,3,4,1 294,1027,859,163,5
2021-06-16 07:42:04.472681,1 646,66,3,4,1 296,1027,859,163,5
2021-06-16 07:57:20.940057,1 646,66,3,4,1 297,1027,859,163,5
2021-06-16 08:13:01.950010,1 646,66,3,4,1 297,1027,859,163,5
2021-06-16 08:28:21.345276,1 646,66,3,4,1 298,1027,859,163,5
2021-06-16 08:43:43.212090,1 646,66,3,4,1 298,1027,859,163,5
2021-06-16 08:59:10.211455,1 646,66,3,4,1 298,1027,859,163,5
2021-06-16 09:29:58.117556,1 646,67,3,4,1 301,1027,856,166,5
2021-06-16 09:45:26.600033,1 646,67,3,4,1 302,1028,857,166,5
2021-06-16 10:16:23.925359,1 646,67,3,4,1 304,1029,858,166,5
2021-06-16 10:31:40.121855,1 646,68,3,4,1 307,1030,858,167,5
2021-06-16 10:46:57.495423,1 646,68,3,4,1 308,1031,859,167,5
2021-06-16 11:02:13.894944,1 646,68,3,4,1 308,1031,859,167,5
2021-06-16 11:34:23.396747,1 646,66,4,4,1 316,1032,857,169,6
2021-06-16 11:49:40.567339,1 646,66,4,4,1 318,1033,857,170,6
2021-06-16 12:04:58.581671,1 646,66,4,4,1 320,1035,859,170,6
2021-06-16 12:20:15.843888,1 646,66,4,4,1 322,1036,860,170,6
2021-06-16 12:35:32.088362,1 646,66,4,4,1 325,1039,863,170,6
2021-06-16 12:50:49.142249,1 646,66,4,4,1 326,1040,864,170,6
2021-06-16 13:25:14.975798,1 646,66,4,4,1 330,1043,866,171,6
2021-06-16 13:40:32.246828,1 646,66,4,4,1 333,1046,869,171,6
2021-06-16 13:55:48.798246,1 646,67,4,4,1 334,1047,870,171,6
2021-06-16 14:11:05.257322,1 646,67,4,4,1 334,1047,870,171,6
2021-06-16 14:57:00.487844,1 646,67,4,4,1 337,1049,872,171,6
2021-06-16 15:27:37.872514,1 646,67,4,4,1 340,1050,871,173,6
2021-06-16 15:42:54.175823,1 646,67,4,4,1 344,1052,872,174,6
2021-06-16 15:58:11.478717,1 646,67,5,4,1 346,1054,874,174,6
2021-06-16 16:13:28.159733,1 646,67,5,4,1 346,1054,874,174,6
2021-06-16 16:28:48.308529,1 646,67,5,4,1 351,1056,874,176,6
2021-06-16 16:44:04.827716,1 646,67,5,4,1 353,1057,875,176,6
2021-06-16 16:59:20.790357,1 646,67,5,4,1 356,1058,876,176,6
2021-06-16 17:14:36.612850,1 646,67,5,4,1 356,1058,876,176,6
2021-06-16 17:29:54.356349,1 646,67,5,4,1 356,1058,876,176,6
2021-06-16 17:45:06.730902,1 646,67,5,4,1 358,1058,876,176,6
2021-06-16 17:52:58.516086,1 646,67,5,4,1 358,1058,876,176,6
2021-06-16 17:53:22.309075,1 646,67,5,4,1 358,1058,876,176,6
2021-06-16 18:11:47.519974,1 646,67,5,4,1 361,1061,879,176,6
2021-06-16 18:27:07.358301,1 646,67,5,4,1 362,1062,880,176,6
2021-06-16 18:57:37.784707,1 646,67,5,4,1 364,1064,882,176,6
2021-06-16 19:28:16.413824,1 646,67,5,4,1 364,1064,882,176,6
2021-06-16 19:43:36.213616,1 646,67,5,4,1 364,1064,882,176,6
2021-06-16 19:58:54.396581,1 646,67,5,4,1 365,1065,883,176,6
2021-06-16 20:14:11.362994,1 646,67,5,4,1 366,1066,884,176,6
2021-06-16 20:29:27.769807,1 646,67,5,4,1 367,1066,883,177,6
2021-06-16 21:46:09.889503,1 646,67,5,4,1 374,1073,890,177,6
2021-06-16 22:01:26.230260,1 646,67,5,4,1 378,1075,890,179,6
2021-06-16 22:32:06.953401,1 646,67,5,5,1 383,1078,892,179,7
2021-06-16 23:18:33.730562,1 646,67,5,5,1 389,1081,894,180,7
2021-06-16 23:33:50.342235,1 646,68,5,5,1 393,1082,892,183,7
2021-06-16 23:49:06.955181,1 646,68,5,5,1 394,1082,892,183,7
2021-06-17 00:04:22.666647,1 646,69,5,5,1 397,1084,893,184,7
2021-06-17 00:19:38.839407,1 646,69,5,5,1 397,1084,893,184,7
2021-06-17 00:34:54.257633,1 646,70,5,5,1 397,1084,893,184,7
2021-06-17 00:50:10.962059,1 646,70,5,5,1 397,1084,893,184,7
2021-06-17 01:05:26.518434,1 646,70,5,5,1 397,1084,893,184,7
2021-06-17 01:20:42.770408,1 646,70,5,5,1 397,1084,893,184,7
2021-06-17 01:35:58.681498,1 646,70,5,5,1 397,1084,893,184,7
2021-06-17 01:51:15.108264,1 646,70,5,5,1 397,1084,893,184,7
2021-06-17 02:06:31.720408,1 646,70,5,5,1 408,1089,897,185,7
2021-06-17 02:21:47.588210,1 646,70,5,5,1 409,1089,897,185,7
2021-06-17 02:37:03.927312,1 646,70,5,5,1 409,1089,897,185,7
2021-06-17 02:52:19.803588,1 646,70,5,5,1 409,1089,897,185,7
2021-06-17 03:07:35.814587,1 646,70,5,5,1 409,1089,897,185,7
2021-06-17 03:22:52.092527,1 646,70,5,5,1 409,1089,897,185,7
2021-06-17 03:38:08.887875,1 646,70,5,5,1 409,1089,897,185,7
2021-06-17 03:53:25.251902,1 646,70,5,5,1 409,1089,897,185,7
2021-06-17 04:08:41.827119,1 646,70,5,5,1 409,1089,897,185,7
2021-06-17 04:23:57.585523,1 646,70,5,5,1 409,1089,897,185,7
2021-06-17 04:39:13.931739,1 646,70,5,5,1 409,1089,897,185,7
2021-06-17 04:54:29.611362,1 646,70,5,5,1 409,1089,897,185,7
2021-06-17 05:09:45.912743,1 646,70,5,5,1 409,1089,897,185,7
2021-06-17 05:25:01.903147,1 646,70,5,5,1 409,1089,897,185,7
2021-06-17 05:40:17.653175,1 646,70,5,5,1 409,1089,897,185,7
2021-06-17 05:55:33.667661,1 646,70,5,5,1 409,1089,897,185,7
2021-06-17 06:10:49.582313,1 646,70,5,5,1 409,1089,897,185,7
2021-06-17 06:26:06.235750,1 646,70,5,5,1 409,1089,897,185,7
2021-06-17 06:41:22.588960,1 646,70,5,5,1 410,1090,898,185,7
2021-06-17 06:56:38.834518,1 646,70,5,5,1 410,1090,898,185,7
2021-06-17 07:11:54.658295,1 646,70,5,5,1 412,1092,900,185,7
2021-06-17 07:27:10.765773,1 646,70,5,5,1 413,1093,901,185,7
2021-06-17 07:42:26.395614,1 646,70,5,5,1 417,1095,901,187,7
2021-06-17 07:57:43.151418,1 646,70,5,5,1 420,1098,904,187,7
2021-06-17 08:12:59.763625,1 646,70,5,5,1 420,1098,904,187,7
2021-06-17 08:28:15.463933,1 646,70,5,5,1 422,1100,906,187,7
2021-06-17 08:43:32.201174,1 646,70,5,5,1 423,1100,905,188,7
2021-06-17 08:58:48.958659,1 646,70,5,5,1 423,1100,905,188,7
2021-06-17 09:14:05.152631,1 646,70,5,5,1 423,1100,905,188,7
2021-06-17 09:29:22.501942,1 646,70,5,5,1 423,1100,905,188,7
2021-06-17 09:44:43.564878,1 646,70,5,5,1 424,1100,904,189,7
2021-06-17 10:15:11.758689,1 646,70,5,5,1 428,1102,905,190,7
2021-06-17 10:30:28.136723,1 646,70,5,5,1 429,1103,906,190,7
2021-06-17 10:45:45.573247,1 646,70,5,5,1 429,1103,906,190,7
2021-06-17 11:01:02.261723,1 646,70,5,6,1 432,1105,907,191,7
2021-06-17 11:16:19.172419,1 646,70,5,6,1 434,1106,908,191,7
2021-06-17 11:31:35.560650,1 646,70,5,6,1 434,1106,908,191,7
2021-06-17 11:46:51.699504,1 646,70,5,6,1 434,1106,908,191,7
2021-06-17 12:02:08.947096,1 646,70,5,6,1 435,1107,909,191,7
2021-06-17 12:17:25.460628,1 646,70,5,6,1 438,1109,910,192,7
2021-06-17 12:32:44.860171,1 646,70,5,6,1 440,1111,912,192,7
2021-06-17 12:48:03.382493,1 646,70,5,6,1 442,1111,910,194,7
2021-06-17 13:03:25.685852,1 646,70,5,6,1 442,1111,910,194,7
2021-06-17 13:37:17.060947,1 646,70,5,6,1 448,1116,914,195,7
2021-06-17 13:52:34.085802,1 646,71,5,6,1 451,1118,916,195,7
2021-06-17 14:07:50.397570,1 646,71,5,7,1 453,1120,918,195,7
2021-06-17 14:23:06.882347,1 646,71,5,7,1 453,1120,918,195,7
2021-06-17 14:55:19.131075,1 646,71,5,7,1 459,1122,920,194,8
2021-06-18 07:09:28.732878,1 646,73,5,7,1 546,1162,941,209,12
2021-06-18 07:24:49.673321,1 646,73,5,7,1 546,1162,941,209,12
2021-06-18 07:40:10.608618,1 646,73,5,7,1 546,1162,941,209,12
2021-06-18 07:55:31.787266,1 646,73,5,7,1 546,1162,941,209,12
2021-06-18 08:10:52.986081,1 646,73,5,7,1 546,1162,941,209,12
2021-06-18 08:26:14.585004,1 646,73,5,7,1 546,1162,941,209,12
2021-06-18 08:32:17.582091,1 646,73,5,7,1 546,1162,941,209,12
2021-06-18 08:47:38.721684,1 646,74,5,7,1 546,1162,941,209,12
2021-06-18 09:02:59.589541,1 646,74,5,7,1 546,1162,941,209,12
2021-06-18 09:18:21.131180,1 646,74,5,7,1 548,1164,943,209,12
2021-06-18 09:33:42.696784,1 646,74,5,7,1 555,1167,944,210,13
2021-06-18 09:50:05.469476,1 646,74,5,7,1 555,1167,944,210,13
2021-06-18 10:05:26.682903,1 646,74,5,7,1 557,1168,945,210,13
2021-06-18 10:20:47.927391,1 646,74,5,7,1 558,1168,945,210,13
2021-06-18 10:36:08.646273,1 646,74,5,7,1 559,1169,946,210,13
2021-06-18 10:51:29.596965,1 646,74,5,7,1 560,1169,946,210,13
2021-06-18 11:26:55.453073,1 646,74,5,7,1 562,1169,944,212,13
2021-06-18 11:42:16.884423,1 646,74,5,7,1 562,1169,944,212,13
2021-06-18 11:57:37.713811,1 646,74,5,7,1 565,1170,944,213,13
2021-06-18 12:12:59.136588,1 646,75,5,7,1 569,1173,946,214,13
2021-06-18 12:28:20.758476,1 646,75,5,7,1 569,1173,946,214,13
2021-06-18 13:00:12.241389,1 646,75,6,7,1 571,1176,949,214,13
2021-06-18 13:15:33.679508,1 646,75,6,7,1 572,1176,949,214,13
2021-06-18 13:30:54.573655,1 646,75,6,7,1 574,1178,951,214,13
2021-06-18 13:46:17.218855,1 646,75,6,7,1 576,1180,953,214,13
2021-06-18 14:01:38.832075,1 646,75,6,7,1 576,1180,953,214,13
2021-06-18 14:16:59.726906,1 646,75,6,7,1 576,1180,953,214,13
2021-06-18 14:32:21.004976,1 646,75,6,7,1 576,1180,953,214,13
2021-06-18 14:47:42.880142,1 646,75,6,7,1 577,1180,952,215,13
2021-06-18 15:03:03.748679,1 646,75,6,7,1 578,1181,953,215,13
2021-06-18 15:18:24.534129,1 646,75,6,7,1 578,1181,953,215,13
2021-06-18 15:33:46.077453,1 646,75,6,8,1 581,1183,955,215,13
2021-06-18 15:49:07.750371,1 646,75,6,8,1 582,1184,956,215,13
2021-06-18 16:04:28.650015,1 646,75,6,8,1 583,1185,957,215,13
2021-06-18 16:19:49.719011,1 646,75,6,8,1 584,1186,958,215,13
2021-06-18 16:35:10.821975,1 646,75,6,8,1 585,1187,959,215,13
2021-06-18 16:50:31.510814,1 646,75,6,8,1 585,1188,959,216,13
2021-06-18 17:05:52.741473,1 646,75,7,8,1 589,1189,959,217,13
2021-06-18 17:21:13.679337,1 646,75,7,8,1 589,1189,959,217,13
2021-06-18 17:36:34.911101,1 646,75,7,8,1 591,1191,961,217,13
2021-06-18 17:51:55.986373,1 646,75,7,8,1 593,1191,961,217,13
2021-06-18 18:07:17.888519,1 646,75,7,8,1 594,1192,962,217,13
2021-06-18 18:22:39.008952,1 646,75,7,8,1 594,1192,962,217,13
2021-06-18 18:38:00.760798,1 646,75,7,8,1 598,1195,964,218,13
2021-06-18 18:53:21.701860,1 646,75,7,8,1 600,1197,966,218,13
2021-06-18 19:08:42.828811,1 646,75,7,8,1 602,1199,968,218,13
2021-06-18 19:24:03.666148,1 646,75,7,8,1 603,1200,969,218,13
2021-06-18 19:39:24.651549,1 646,75,7,8,1 604,1201,970,218,13
2021-06-18 19:54:45.790171,1 646,75,7,8,1 605,1202,971,218,13
2021-06-18 20:10:06.921400,1 646,75,7,8,1 605,1202,971,218,13
2021-06-18 20:25:27.556306,1 646,75,7,8,1 608,1205,974,218,13
2021-06-18 20:40:48.734657,1 646,75,7,8,1 610,1207,976,218,13
2021-06-18 20:56:09.728303,1 646,76,7,8,1 611,1208,977,218,13
2021-06-18 21:11:31.318004,1 646,76,7,8,1 611,1208,977,218,13
2021-06-18 21:26:52.867965,1 646,76,7,8,1 613,1209,977,219,13
2021-06-18 21:42:13.762499,1 646,76,7,8,1 613,1209,977,219,13
2021-06-18 21:57:35.151777,1 646,76,7,8,1 615,1210,978,219,13
2021-06-18 22:12:57.428436,1 646,76,7,8,1 616,1211,979,219,13
2021-06-18 22:28:18.869581,1 646,76,7,8,1 623,1215,982,220,13
2021-06-18 22:43:40.107507,1 646,76,7,8,1 626,1217,983,221,13
2021-06-18 22:59:01.915513,1 646,76,7,8,1 628,1219,985,221,13
2021-06-18 23:14:23.147731,1 646,76,7,8,1 631,1222,988,221,13
2021-06-18 23:29:44.486968,1 646,76,7,8,1 634,1225,990,222,13
2021-06-18 23:45:05.580951,1 646,76,7,8,1 638,1225,989,223,13
2021-06-19 00:00:26.625461,1 646,76,7,8,1 638,1225,989,223,13
2021-06-19 00:15:47.659353,1 646,76,7,8,1 638,1225,989,223,13
2021-06-19 00:31:09.219518,1 646,76,7,8,1 638,1225,989,223,13
2021-06-19 00:46:30.519433,1 646,76,7,8,1 638,1225,989,223,13
2021-06-19 03:18:40.170497,1 646,77,7,9,1 663,1244,1 004,227,13
2021-06-19 03:34:01.613473,1 646,77,7,9,1 663,1244,1 004,227,13
2021-06-19 03:49:22.748403,1 646,77,7,9,1 663,1244,1 004,227,13
2021-06-19 04:04:43.591245,1 646,77,7,9,1 663,1244,1 004,227,13
2021-06-19 04:20:04.762597,1 646,77,7,9,1 663,1244,1 004,227,13
2021-06-19 04:35:25.711334,1 646,77,7,9,1 663,1244,1 004,227,13
2021-06-19 04:50:46.664175,1 646,77,7,9,1 664,1245,1 005,227,13
2021-06-19 05:06:08.419807,1 646,77,7,9,1 665,1246,1 006,227,13
2021-06-19 05:21:30.001819,1 646,77,7,9,1 665,1246,1 006,227,13
2021-06-19 05:36:51.597400,1 646,77,7,9,1 665,1246,1 006,227,13
2021-06-19 05:52:12.932872,1 646,77,7,9,1 665,1246,1 006,227,13
2021-06-19 06:07:33.633296,1 646,77,7,9,1 665,1246,1 006,227,13
2021-06-19 06:22:54.862384,1 646,77,7,9,1 665,1246,1 006,227,13
2021-06-19 06:38:15.524382,1 646,77,7,9,1 665,1246,1 006,227,13
2021-06-19 06:53:36.818323,1 646,77,7,9,1 665,1246,1 006,227,13
2021-06-19 07:08:57.691305,1 646,77,7,9,1 668,1248,1 007,228,13
2021-06-19 07:24:18.870181,1 646,77,7,9,1 668,1248,1 007,228,13
2021-06-19 07:39:39.551235,1 646,77,7,9,1 668,1248,1 007,228,13
2021-06-19 07:55:00.647467,1 646,77,7,9,1 668,1248,1 007,228,13
2021-06-19 08:10:21.622635,1 646,77,7,9,1 673,1250,1 008,229,13
2021-06-19 08:25:42.817755,1 646,77,7,9,1 673,1250,1 008,229,13
2021-06-19 08:41:03.672955,1 646,77,7,9,1 673,1250,1 008,229,13
2021-06-19 08:56:24.621289,1 646,77,7,9,1 675,1251,1 008,230,13
2021-06-19 09:11:45.862961,1 646,77,7,9,1 675,1251,1 008,230,13
2021-06-19 09:27:06.493343,1 646,77,7,9,1 677,1252,1 008,231,13
2021-06-19 09:42:27.657935,1 646,77,7,9,1 680,1255,1 011,231,13
2021-06-19 09:57:49.235334,1 646,77,7,9,1 681,1256,1 012,231,13
2021-06-19 10:13:10.581329,1 646,77,7,9,1 682,1257,1 013,231,13
2021-06-19 10:28:31.492818,1 646,77,7,9,1 683,1258,1 014,231,13
2021-06-19 10:43:52.419910,1 646,77,7,9,1 685,1259,1 014,232,13
2021-06-19 10:59:13.670808,1 646,77,7,9,1 687,1259,1 014,232,13
2021-06-19 11:14:34.737483,1 646,77,8,9,1 690,1261,1 016,232,13
2021-06-19 11:29:56.152635,1 646,77,8,9,1 695,1265,1 020,232,13
2021-06-19 11:45:18.629565,1 646,77,8,10,1 700,1267,1 021,233,13
2021-06-19 12:00:39.792672,1 646,77,8,10,1 705,1269,1 023,233,13
2021-06-19 12:16:00.604432,1 646,77,8,10,1 706,1269,1 022,234,13
2021-06-19 12:31:21.874359,1 646,77,8,10,1 714,1271,1 023,234,14
2021-06-19 12:46:42.692551,1 646,77,8,10,1 716,1272,1 024,234,14
2021-06-19 13:02:03.652327,1 646,78,8,10,1 722,1276,1 027,235,14
2021-06-19 13:17:24.506490,1 646,78,8,10,1 724,1276,1 026,236,14
2021-06-19 13:32:45.670021,1 646,78,8,10,1 727,1277,1 026,237,14
2021-06-19 13:48:06.535926,1 646,79,8,10,1 729,1278,1 026,238,14
2021-06-19 14:03:27.598647,1 646,79,8,10,1 734,1278,1 026,237,15
2021-06-19 14:18:48.744007,1 646,79,8,10,1 737,1279,1 027,237,15
2021-06-19 14:34:09.739991,1 646,79,8,10,1 739,1280,1 028,237,15
2021-06-19 14:49:30.634016,1 646,79,8,10,1 740,1281,1 029,237,15
2021-06-19 15:04:51.641415,1 646,80,8,10,1 741,1282,1 030,237,15
2021-06-19 15:20:13.364209,1 646,80,8,10,1 745,1285,1 032,238,15
2021-06-19 15:35:35.104482,1 646,80,8,10,1 746,1285,1 032,238,15
2021-06-19 15:50:57.285135,1 646,81,8,10,1 750,1287,1 033,239,15
2021-06-19 16:06:18.774801,1 646,81,8,10,1 752,1288,1 033,240,15
2021-06-19 16:21:39.744088,1 646,81,8,10,1 753,1288,1 032,241,15
2021-06-19 16:37:00.821365,1 646,82,8,10,1 757,1292,1 036,241,15
2021-06-19 16:52:21.926844,1 646,82,8,10,1 757,1292,1 036,241,15
2021-06-19 17:07:42.750721,1 646,82,8,10,1 762,1295,1 037,243,15
2021-06-19 17:23:03.834606,1 646,82,8,10,1 762,1295,1 037,243,15
2021-06-19 17:38:24.584937,1 646,82,8,10,1 766,1297,1 038,244,15
2021-06-19 17:53:45.687623,1 646,82,8,10,1 767,1298,1 039,244,15
2021-06-19 18:09:06.947005,1 646,82,8,10,1 767,1298,1 038,245,15
2021-06-19 18:24:27.714143,1 646,82,8,10,1 770,1300,1 040,245,15
2021-06-19 18:39:48.585455,1 646,82,8,10,1 773,1301,1 040,246,15
2021-06-19 18:55:10.166587,1 646,82,8,10,1 775,1303,1 042,246,15
2021-06-19 19:10:31.693062,1 646,82,8,10,1 775,1303,1 042,246,15
2021-06-19 19:25:52.642458,1 646,82,8,10,1 776,1303,1 042,246,15
2021-06-19 19:41:13.519712,1 646,82,8,10,1 777,1303,1 042,246,15
2021-06-19 19:56:34.914476,1 646,82,8,10,1 779,1305,1 044,246,15
2021-06-19 20:11:55.783571,1 646,82,8,10,1 779,1305,1 044,246,15
2021-06-19 20:27:16.629507,1 646,82,8,10,1 779,1305,1 044,246,15
2021-06-19 20:42:37.567305,1 646,82,8,10,1 785,1309,1 047,247,15
2021-06-19 20:57:58.544831,1 646,82,8,10,1 795,1309,1 047,246,16
2021-06-19 21:13:19.651176,1 646,81,8,10,1 800,1310,1 048,246,16
2021-06-19 21:28:40.795181,1 646,81,8,10,1 801,1311,1 049,246,16
2021-06-19 21:44:01.890343,1 646,81,8,10,1 802,1312,1 050,246,16
2021-06-19 21:59:22.625272,1 646,81,9,10,1 806,1314,1 051,247,16
2021-06-19 22:14:44.160321,1 646,81,9,10,1 809,1317,1 054,247,16
2021-06-19 22:30:05.890217,1 646,81,9,10,1 812,1318,1 055,247,16
2021-06-19 22:45:26.760554,1 646,81,9,10,1 814,1319,1 056,247,16
2021-06-19 23:00:47.538333,1 646,80,9,10,1 817,1320,1 055,249,16
2021-06-19 23:16:08.752092,1 646,80,9,10,1 818,1321,1 056,249,16
2021-06-19 23:31:29.816758,1 646,80,9,10,1 820,1322,1 057,249,16
2021-06-19 23:46:51.785615,1 646,80,9,10,1 822,1324,1 059,249,16
2021-06-20 00:02:12.555597,1 646,80,9,10,1 823,1324,1 059,249,16
2021-06-20 00:17:33.718236,1 646,80,9,10,1 823,1324,1 059,249,16
2021-06-20 00:32:54.579354,1 646,80,9,10,1 823,1324,1 059,249,16
2021-06-20 00:48:15.620465,1 646,80,9,10,1 823,1324,1 059,249,16
2021-06-20 01:03:36.643830,1 646,81,9,10,1 823,1324,1 059,249,16
2021-06-20 01:18:57.824733,1 646,81,9,10,1 823,1324,1 059,249,16
2021-06-20 01:34:18.682656,1 646,81,9,10,1 823,1324,1 059,249,16
2021-06-20 01:49:39.542813,1 646,81,9,10,1 823,1324,1 059,249,16
2021-06-20 02:05:00.752409,1 646,81,9,10,1 831,1330,1 064,250,16
2021-06-20 02:20:21.706654,1 646,81,9,10,1 831,1330,1 064,250,16
2021-06-20 02:35:42.501791,1 646,81,9,10,1 831,1330,1 064,250,16
2021-06-20 02:51:04.205915,1 646,81,9,10,1 831,1330,1 064,250,16
2021-06-20 03:06:25.656409,1 646,81,9,10,1 831,1330,1 064,250,16
2021-06-20 03:21:46.716711,1 646,81,9,10,1 831,1330,1 064,250,16
2021-06-20 03:37:08.647027,1 646,81,9,10,1 831,1330,1 064,250,16
2021-06-20 03:52:30.128523,1 646,81,9,10,1 831,1330,1 064,250,16
2021-06-20 04:07:52.400181,1 646,81,9,10,1 831,1330,1 064,250,16
2021-06-20 04:23:13.726243,1 646,81,9,10,1 831,1330,1 064,250,16
2021-06-20 04:38:34.658737,1 646,81,9,10,1 833,1331,1 064,251,16
2021-06-20 04:53:55.854762,1 646,81,9,10,1 833,1331,1 064,251,16
2021-06-20 05:09:16.981799,1 646,81,9,10,1 833,1331,1 064,251,16
2021-06-20 05:24:39.044060,1 646,81,9,10,1 833,1331,1 064,251,16
2021-06-20 05:40:00.691325,1 646,81,9,10,1 833,1331,1 064,251,16
2021-06-20 05:55:22.487516,1 646,81,9,10,1 833,1331,1 064,251,16
2021-06-20 06:10:43.672902,1 646,81,9,10,1 833,1331,1 064,251,16
2021-06-20 06:26:05.619297,1 646,81,9,10,1 834,1332,1 065,251,16
2021-06-20 06:41:26.560255,1 646,81,9,10,1 834,1332,1 065,251,16
2021-06-20 06:56:47.881933,1 646,81,9,10,1 834,1332,1 065,251,16
2021-06-20 07:12:09.547332,1 646,81,9,10,1 834,1332,1 065,251,16
2021-06-20 07:27:30.661657,1 646,81,9,10,1 834,1332,1 065,251,16
2021-06-20 07:42:51.615311,1 646,81,9,10,1 834,1332,1 065,251,16
2021-06-20 07:58:12.546284,1 646,81,9,10,1 834,1332,1 065,251,16
2021-06-20 08:13:33.639733,1 646,81,9,10,1 835,1333,1 066,251,16
2021-06-20 08:28:55.173408,1 646,81,9,10,1 835,1333,1 066,251,16
2021-06-20 08:44:16.557261,1 646,81,9,10,1 836,1333,1 065,252,16
2021-06-20 08:59:38.030133,1 646,81,9,10,1 840,1336,1 067,253,16
2021-06-20 09:14:59.544976,1 646,81,9,10,1 841,1336,1 067,253,16
2021-06-20 09:30:21.189765,1 646,81,9,10,1 841,1336,1 067,253,16
2021-06-20 09:45:42.510456,1 646,81,9,10,1 843,1337,1 067,254,16
2021-06-20 10:01:03.762739,1 646,81,9,10,1 845,1339,1 069,254,16
2021-06-20 10:16:24.663960,1 646,81,9,10,1 849,1342,1 071,255,16
2021-06-20 10:31:45.576093,1 646,81,9,10,1 851,1343,1 072,255,16
2021-06-20 10:47:06.669436,1 646,81,9,10,1 854,1345,1 074,255,16
2021-06-20 11:02:28.166665,1 646,81,9,10,1 857,1345,1 073,256,16
2021-06-20 11:17:49.646308,1 646,82,9,11,1 860,1348,1 076,256,16
2021-06-20 11:33:10.767200,1 646,82,9,11,1 864,1351,1 079,256,16
2021-06-20 11:48:31.612694,1 646,82,9,11,1 874,1353,1 080,255,18
2021-06-20 12:03:52.716325,1 646,82,9,11,1 878,1356,1 083,255,18
2021-06-20 12:19:13.950717,1 646,82,9,11,1 879,1356,1 082,256,18
2021-06-20 12:34:34.614209,1 646,82,9,11,1 880,1356,1 082,256,18
2021-06-20 12:49:55.532511,1 646,82,9,11,1 880,1356,1 082,256,18
2021-06-20 13:05:16.606240,1 646,82,9,11,1 881,1356,1 082,256,18
2021-06-20 13:20:38.011464,1 646,82,9,11,1 881,1356,1 082,256,18
2021-06-20 13:35:59.788248,1 646,83,9,12,1 888,1359,1 083,258,18
2021-06-20 13:51:20.705234,1 646,83,10,12,1 893,1363,1 087,258,18
2021-06-20 14:06:41.701759,1 646,83,10,12,1 895,1365,1 088,259,18
2021-06-20 14:22:02.872001,1 646,83,10,12,1 897,1366,1 089,259,18
2021-06-20 14:37:23.625660,1 646,83,10,12,1 901,1366,1 088,260,18
2021-06-20 14:52:44.645303,1 646,83,10,12,1 902,1367,1 089,260,18
2021-06-20 15:08:05.724211,1 646,83,10,12,1 906,1369,1 090,261,18
2021-06-20 15:23:26.669115,1 646,83,11,12,1 909,1372,1 093,261,18
2021-06-20 15:38:47.728641,1 646,84,11,12,1 911,1374,1 095,261,18
2021-06-20 15:54:08.941368,1 646,84,11,12,1 911,1374,1 095,261,18
2021-06-20 16:09:29.746150,1 646,84,11,12,1 914,1375,1 095,262,18
2021-06-20 16:24:50.780187,1 646,84,11,12,1 917,1377,1 097,262,18
2021-06-20 16:40:11.606220,1 646,85,11,12,1 920,1379,1 098,263,18
2021-06-20 16:55:32.506507,1 646,85,11,12,1 924,1379,1 097,264,18
2021-06-20 17:10:53.856979,1 646,85,11,12,1 926,1380,1 097,265,18
2021-06-20 17:26:14.715828,1 646,85,11,12,1 927,1380,1 097,265,18
2021-06-20 17:41:35.918193,1 646,85,11,12,1 932,1381,1 097,266,18
2021-06-20 17:56:56.572212,1 646,85,11,12,1 935,1383,1 098,267,18
2021-06-20 18:12:25.256409,1 646,85,11,12,1 935,1383,1 098,267,18
2021-06-20 18:27:47.099502,1 646,85,11,12,1 936,1384,1 099,267,18
2021-06-20 18:43:08.734502,1 646,85,11,12,1 936,1384,1 099,267,18
2021-06-20 18:58:29.567771,1 646,85,11,12,1 936,1384,1 099,267,18
2021-06-20 19:13:51.140929,1 646,85,11,12,1 936,1384,1 099,267,18
2021-06-20 19:29:13.632389,1 646,85,11,12,1 936,1384,1 099,267,18
2021-06-20 19:44:35.369754,1 646,85,11,12,1 941,1387,1 102,266,19
2021-06-20 19:59:57.049546,1 646,85,11,12,1 943,1388,1 103,266,19
2021-06-20 20:15:18.860854,1 646,85,11,12,1 949,1391,1 106,266,19
2021-06-20 20:30:39.875619,1 646,85,11,12,1 954,1393,1 107,267,19
2021-06-20 20:46:00.763734,1 646,85,11,12,1 956,1394,1 108,267,19
2021-06-20 21:01:21.741896,1 646,85,12,12,1 958,1394,1 108,267,19
2021-06-20 21:16:42.981468,1 646,85,12,12,1 960,1395,1 109,267,19
2021-06-20 21:32:04.992146,1 646,85,12,12,1 961,1396,1 110,267,19
2021-06-20 21:47:26.552012,1 646,85,12,12,1 964,1398,1 112,267,19
2021-06-20 22:02:47.922682,1 646,85,12,12,1 972,1399,1 110,270,19
2021-06-20 22:11:44.779408,1 646,85,12,12,1 974,1402,1 112,271,19
2021-06-20 22:27:05.677419,1 646,86,12,12,1 981,1402,1 111,272,19
2021-06-20 22:42:26.647609,1 646,86,12,12,1 987,1403,1 112,272,19
2021-06-20 22:57:47.755495,1 646,86,12,12,1 993,1405,1 114,271,20
2021-06-20 23:13:08.635166,1 646,86,13,12,1 995,1406,1 115,271,20
2021-06-20 23:28:29.570210,1 646,86,13,12,1 995,1406,1 115,271,20
2021-06-20 23:43:51.029388,1 646,86,13,12,1 995,1406,1 115,271,20
2021-06-20 23:59:12.842152,1 646,86,13,12,1 996,1407,1 116,271,20
2021-06-21 00:14:33.567557,1 646,86,13,12,1 996,1407,1 116,271,20
2021-06-21 00:29:54.578757,1 646,85,13,12,1 996,1407,1 116,271,20
2021-06-21 00:45:15.617630,1 646,85,13,12,1 996,1407,1 116,271,20
2021-06-21 01:00:36.574340,1 646,85,13,12,1 996,1407,1 116,271,20
2021-06-21 01:15:58.429037,1 646,85,13,12,1 996,1407,1 116,271,20
2021-06-21 01:31:20.705283,1 646,85,13,12,1 996,1407,1 116,271,20
2021-06-21 01:46:41.552569,1 646,85,13,12,1 996,1407,1 116,271,20
2021-06-21 02:02:02.576474,1 646,85,13,12,2 006,1411,1 118,272,21
2021-06-21 02:17:23.540171,1 646,85,13,12,2 006,1411,1 118,272,21
2021-06-21 02:32:44.573216,1 646,85,13,12,2 006,1412,1 119,272,21
2021-06-21 02:48:05.976740,1 646,85,13,12,2 007,1412,1 119,272,21
2021-06-21 03:03:27.759452,1 646,85,13,12,2 007,1412,1 119,272,21
2021-06-21 03:18:49.033022,1 646,85,13,12,2 007,1412,1 119,272,21
2021-06-21 03:34:11.837648,1 646,85,13,12,2 007,1412,1 119,272,21
2021-06-21 03:49:32.969416,1 646,85,13,12,2 007,1412,1 119,272,21
2021-06-21 04:04:54.600257,1 646,85,13,12,2 007,1412,1 119,272,21
2021-06-21 04:20:16.702962,1 646,85,13,12,2 007,1412,1 119,272,21
2021-06-21 04:35:37.687158,1 646,85,13,12,2 007,1412,1 119,272,21
2021-06-21 04:50:59.175698,1 646,85,13,12,2 007,1412,1 119,272,21
2021-06-21 05:06:21.429221,1 646,85,13,12,2 007,1412,1 119,272,21
2021-06-21 05:21:42.517473,1 646,85,13,12,2 007,1412,1 119,272,21
2021-06-21 05:37:03.815588,1 646,85,13,12,2 007,1412,1 119,272,21
2021-06-21 05:52:24.640289,1 646,85,13,12,2 007,1412,1 119,272,21
2021-06-21 06:07:45.712695,1 646,85,13,12,2 007,1412,1 119,272,21
2021-06-21 06:23:06.824863,1 646,85,13,12,2 007,1412,1 119,272,21
2021-06-21 06:38:27.576213,1 646,85,13,12,2 007,1412,1 119,272,21
2021-06-21 06:53:48.547169,1 646,85,13,12,2 007,1412,1 119,272,21
2021-06-21 07:09:09.605321,1 646,85,13,12,2 008,1413,1 120,272,21
2021-06-21 07:24:30.672073,1 646,85,13,12,2 009,1413,1 120,272,21
2021-06-21 07:39:51.475473,1 646,85,13,12,2 009,1413,1 120,272,21
2021-06-21 07:55:12.646370,1 646,85,13,12,2 010,1414,1 121,272,21
2021-06-21 08:10:33.598716,1 646,85,13,12,2 012,1415,1 121,273,21
2021-06-21 08:25:54.572794,1 646,85,13,12,2 013,1415,1 120,274,21
2021-06-21 08:41:16.118773,1 646,85,13,12,2 014,1415,1 120,274,21
2021-06-21 08:56:37.567307,1 646,85,13,12,2 016,1416,1 121,274,21
2021-06-21 09:11:58.834284,1 646,85,13,12,2 018,1416,1 121,274,21
2021-06-21 09:27:19.971296,1 646,86,13,12,2 023,1418,1 121,276,21
2021-06-21 09:42:41.811177,1 646,86,13,12,2 023,1418,1 121,276,21
2021-06-21 09:58:02.661618,1 646,86,13,12,2 024,1419,1 122,276,21
2021-06-21 10:13:23.619784,1 646,86,13,12,2 024,1419,1 122,276,21
2021-06-21 10:28:44.658227,1 646,86,13,12,2 024,1419,1 122,276,21
2021-06-21 10:44:05.746867,1 646,86,13,12,2 032,1421,1 122,278,21
2021-06-21 10:59:26.784799,1 646,86,13,12,2 037,1423,1 124,275,24
2021-06-21 11:14:47.610513,1 646,86,13,12,2 039,1423,1 123,276,24
2021-06-21 11:30:08.549359,1 646,86,13,12,2 041,1424,1 124,276,24
2021-06-21 11:45:29.748440,1 646,86,13,12,2 043,1425,1 125,276,24
2021-06-21 12:00:50.783877,1 646,86,13,12,2 050,1425,1 123,278,24
2021-06-21 12:16:11.919252,1 646,86,13,12,2 052,1425,1 123,278,24
2021-06-21 12:31:32.557760,1 646,86,13,12,2 057,1426,1 123,279,24
2021-06-21 12:46:53.879259,1 646,86,13,12,2 062,1427,1 123,280,24
2021-06-21 13:02:14.687248,1 646,86,13,12,2 064,1427,1 123,280,24
2021-06-21 13:17:36.857461,1 646,86,14,12,2 067,1428,1 124,280,24
2021-06-21 13:32:57.605217,1 646,86,15,12,2 069,1429,1 125,280,24
2021-06-21 13:48:18.509773,1 646,86,15,12,2 081,1433,1 126,283,24
2021-06-21 14:03:39.581224,1 646,86,15,12,2 086,1434,1 127,283,24
2021-06-21 14:19:00.768887,1 646,86,15,12,2 088,1435,1 128,283,24
2021-06-21 14:34:21.714194,1 646,87,15,12,2 095,1437,1 130,282,25
2021-06-21 14:49:42.712290,1 646,87,15,12,2 100,1437,1 129,283,25
2021-06-21 15:05:04.205663,1 646,87,15,12,2 109,1439,1 130,284,25
2021-06-21 15:20:25.783167,1 646,87,16,12,2 119,1440,1 129,286,25
2021-06-21 15:35:46.859943,1 646,87,16,12,2 121,1441,1 130,286,25
2021-06-21 15:51:08.197879,1 646,85,16,12,2 124,1442,1 130,287,25
2021-06-21 16:06:29.546352,1 646,85,16,12,2 129,1444,1 130,289,25
2021-06-21 16:21:51.269462,1 646,85,16,12,2 131,1444,1 129,290,25
2021-06-21 16:37:12.714019,1 646,85,16,12,2 133,1445,1 130,290,25
2021-06-21 16:52:33.602754,1 646,85,16,12,2 140,1447,1 131,291,25
2021-06-21 17:07:54.662401,1 646,85,16,12,2 145,1449,1 133,290,26
2021-06-21 17:23:15.827337,1 646,85,16,12,2 146,1449,1 133,290,26
2021-06-21 17:38:36.731437,1 646,85,16,12,2 146,1449,1 133,290,26
2021-06-21 17:53:57.505443,1 646,85,16,12,2 152,1451,1 134,291,26
2021-06-21 18:09:19.282680,1 646,84,16,12,2 155,1452,1 134,291,27
2021-06-21 18:24:40.641040,1 646,84,16,12,2 159,1453,1 135,291,27
2021-06-21 18:40:01.881898,1 646,84,16,12,2 163,1453,1 135,291,27
2021-06-21 18:55:23.011896,1 646,84,16,12,2 163,1453,1 135,291,27
2021-06-21 19:10:44.794408,1 646,84,16,12,2 164,1453,1 135,291,27
2021-06-21 19:26:05.591951,1 646,84,16,12,2 164,1453,1 135,291,27
2021-06-21 19:41:26.794395,1 646,84,16,12,2 167,1454,1 135,292,27
2021-06-21 19:56:47.628799,1 646,83,16,12,2 168,1454,1 134,293,27
2021-06-21 20:12:08.839305,1 646,83,16,12,2 168,1454,1 134,293,27
2021-06-21 20:31:48.401248,1 646,83,16,12,2 171,1456,1 135,294,27
2021-06-21 20:47:09.892856,1 646,83,16,12,2 173,1457,1 136,294,27
2021-06-21 21:02:30.757668,1 646,82,18,12,2 178,1459,1 137,295,27
2021-06-21 21:17:52.221108,1 646,82,18,12,2 180,1460,1 138,295,27
2021-06-21 21:33:14.167492,1 646,82,19,12,2 182,1461,1 138,296,27
2021-06-21 21:48:35.913432,1 646,82,19,12,2 184,1462,1 138,297,27
2021-06-21 22:03:56.855045,1 646,82,19,12,2 191,1466,1 140,299,27
2021-06-21 22:19:17.708701,1 646,82,19,12,2 194,1466,1 140,299,27
2021-06-21 22:34:39.438417,1 646,81,19,12,2 201,1469,1 142,300,27
2021-06-21 22:50:00.652128,1 646,80,19,12,2 202,1469,1 142,300,27
2021-06-21 23:05:21.961082,1 646,80,19,12,2 203,1469,1 142,300,27
2021-06-21 23:20:43.204374,1 646,80,19,12,2 208,1472,1 143,302,27
2021-06-21 23:36:04.593898,1 646,80,19,12,2 212,1473,1 144,301,28
2021-06-21 23:51:25.679999,1 646,80,19,12,2 214,1473,1 144,301,28
2021-06-22 00:06:46.775094,1 646,80,19,12,2 214,1473,1 144,301,28
2021-06-22 00:22:07.911096,1 646,80,19,12,2 214,1473,1 144,301,28
2021-06-22 00:37:28.546603,1 646,79,19,12,2 214,1473,1 144,301,28
2021-06-22 00:52:49.856769,1 646,79,19,12,2 214,1473,1 144,301,28
2021-06-22 01:08:10.561550,1 646,79,19,12,2 214,1473,1 144,301,28
2021-06-22 01:23:32.669642,1 646,79,19,12,2 214,1473,1 144,301,28
2021-06-22 01:38:54.060355,1 646,79,19,12,2 214,1473,1 144,301,28
2021-06-22 01:54:16.654296,1 646,79,19,12,2 214,1473,1 144,301,28
2021-06-22 02:09:37.823836,1 646,79,19,12,2 224,1475,1 144,303,28
2021-06-22 02:24:58.707486,1 646,79,19,12,2 224,1475,1 144,303,28
2021-06-22 02:40:19.838101,1 646,79,19,12,2 224,1475,1 144,303,28
2021-06-22 02:55:40.783079,1 646,79,19,12,2 224,1475,1 144,303,28
2021-06-22 03:11:02.090032,1 646,79,19,12,2 225,1475,1 144,303,28
2021-06-22 03:26:24.870987,1 646,79,19,12,2 225,1475,1 144,303,28
2021-06-22 03:41:45.986590,1 646,79,19,12,2 225,1475,1 144,303,28
2021-06-22 03:57:07.610651,1 646,79,19,12,2 225,1475,1 144,303,28
2021-06-22 04:12:29.138053,1 646,79,19,12,2 225,1475,1 144,303,28
2021-06-22 04:27:50.932151,1 646,79,19,12,2 225,1475,1 144,303,28
2021-06-22 04:43:12.150889,1 646,79,19,12,2 225,1475,1 144,303,28
2021-06-22 04:58:34.513827,1 646,79,19,12,2 225,1475,1 144,303,28
2021-06-22 05:13:55.654837,1 646,79,19,12,2 225,1475,1 144,303,28
2021-06-22 05:29:16.602192,1 646,79,19,12,2 225,1475,1 144,303,28
2021-06-22 05:44:37.607251,1 646,79,19,12,2 225,1475,1 144,303,28
2021-06-22 05:59:58.658977,1 646,79,19,12,2 225,1475,1 144,303,28
2021-06-22 06:15:20.811083,1 646,79,19,12,2 225,1475,1 144,303,28
2021-06-22 06:30:42.095120,1 646,79,19,12,2 226,1475,1 143,304,28
2021-06-22 06:46:03.762813,1 646,79,19,12,2 226,1475,1 143,304,28
2021-06-22 07:01:24.765014,1 646,79,19,12,2 226,1475,1 143,304,28
2021-06-22 07:16:46.341719,1 646,79,19,12,2 226,1475,1 143,304,28
2021-06-22 07:32:07.602022,1 646,79,19,12,2 226,1475,1 143,304,28
2021-06-22 07:47:28.480621,1 646,79,19,12,2 226,1475,1 143,304,28
2021-06-22 08:02:49.679997,1 646,79,19,12,2 227,1476,1 144,304,28
2021-06-22 08:18:10.784548,1 646,79,19,12,2 227,1476,1 144,304,28
2021-06-22 08:33:31.668844,1 646,79,19,12,2 227,1476,1 144,304,28
2021-06-22 08:48:52.723868,1 646,78,19,12,2 227,1476,1 144,304,28
2021-06-22 09:04:13.546392,1 646,78,19,12,2 227,1476,1 144,304,28
2021-06-22 09:19:34.692864,1 646,78,19,12,2 228,1477,1 145,304,28
2021-06-22 09:34:55.912307,1 646,78,19,12,2 228,1477,1 145,304,28
2021-06-22 09:50:16.613734,1 646,78,19,12,2 228,1477,1 145,304,28
2021-06-22 10:05:37.620065,1 646,78,19,12,2 228,1477,1 145,304,28
2021-06-22 10:20:58.778873,1 646,78,19,12,2 229,1478,1 146,304,28
2021-06-22 10:36:19.687348,1 646,78,19,12,2 230,1478,1 146,304,28
2021-06-22 10:51:40.546985,1 646,77,19,12,2 231,1479,1 147,304,28
2021-06-22 11:07:01.812873,1 646,77,19,12,2 232,1479,1 147,303,29
2021-06-22 11:22:22.880544,1 646,77,19,12,2 232,1479,1 147,303,29
2021-06-22 11:37:43.674210,1 646,77,19,12,2 232,1479,1 147,303,29
2021-06-22 11:53:04.659390,1 646,77,19,12,2 232,1479,1 147,303,29
2021-06-22 12:08:25.948413,1 646,77,20,12,2 233,1480,1 148,303,29
2021-06-22 12:23:46.623065,1 646,76,20,12,2 234,1480,1 147,304,29
2021-06-22 12:39:07.833943,1 646,76,20,12,2 234,1480,1 147,304,29
2021-06-22 12:54:29.125490,1 646,75,20,12,2 238,1481,1 148,303,30
2021-06-22 13:09:50.630813,1 646,75,20,12,2 240,1481,1 148,303,30
2021-06-22 13:25:12.350331,1 646,75,20,12,2 240,1481,1 148,303,30
2021-06-22 13:40:34.218344,1 646,75,20,12,2 240,1481,1 148,303,30
2021-06-22 13:55:55.693003,1 646,75,20,12,2 241,1482,1 149,303,30
2021-06-22 14:11:26.974759,1 646,75,21,12,2 243,1482,1 148,304,30
2021-06-22 14:26:47.796917,1 646,75,21,12,2 244,1482,1 147,305,30
2021-06-22 14:42:08.553424,1 646,75,21,12,2 244,1482,1 147,305,30
2021-06-22 14:57:29.456067,1 646,75,21,12,2 245,1482,1 147,305,30
2021-06-22 15:12:51.832463,1 646,75,21,12,2 245,1482,1 147,305,30
2021-06-22 15:28:12.800916,1 646,75,21,12,2 245,1482,1 147,305,30
2021-06-22 15:43:33.575058,1 646,75,21,12,2 246,1483,1 148,305,30
2021-06-22 15:58:54.628543,1 646,74,21,12,2 246,1483,1 148,305,30
2021-06-22 16:14:16.352881,1 646,74,21,12,2 247,1483,1 148,305,30
2021-06-22 16:29:37.614045,1 646,74,21,12,2 248,1483,1 148,305,30
2021-06-22 16:44:58.731853,1 646,74,21,12,2 248,1483,1 148,305,30
2021-06-22 17:00:19.804073,1 646,74,21,12,2 248,1483,1 148,305,30
2021-06-22 17:15:40.716053,1 646,74,21,12,2 251,1483,1 147,306,30
2021-06-22 17:31:01.739023,1 646,75,21,12,2 251,1483,1 147,306,30
2021-06-22 17:46:23.232288,1 646,75,21,12,2 251,1483,1 147,306,30
2021-06-22 18:01:44.688912,1 646,75,21,12,2 251,1483,1 147,306,30
2021-06-22 18:17:05.825325,1 646,75,21,12,2 253,1484,1 148,306,30
2021-06-22 18:32:26.613910,1 646,74,21,12,2 253,1484,1 148,306,30
2021-06-22 18:47:47.658611,1 646,74,21,12,2 253,1484,1 148,306,30
2021-06-22 19:03:08.592950,1 646,74,21,12,2 253,1484,1 148,306,30
2021-06-22 19:18:29.726378,1 646,74,21,12,2 253,1484,1 148,306,30
2021-06-22 19:33:50.565095,1 646,74,21,12,2 253,1484,1 148,306,30
2021-06-22 19:49:11.862058,1 646,73,21,12,2 254,1484,1 148,306,30
2021-06-22 20:04:32.717424,1 646,73,21,12,2 254,1484,1 148,306,30
2021-06-22 20:19:53.816401,1 646,73,21,12,2 254,1484,1 148,306,30
2021-06-22 20:35:15.139748,1 646,73,21,12,2 256,1484,1 147,306,31
2021-06-22 20:50:37.191965,1 646,73,21,12,2 256,1484,1 147,306,31
2021-06-22 21:05:58.766764,1 646,73,21,12,2 256,1485,1 148,306,31
2021-06-22 21:21:20.867323,1 646,73,21,12,2 258,1486,1 149,306,31
2021-06-22 21:36:42.370573,1 646,73,21,12,2 259,1486,1 149,306,31
2021-06-22 21:52:04.219055,1 646,73,21,12,2 259,1486,1 149,306,31
2021-06-22 22:07:26.446865,1 646,73,21,12,2 259,1487,1 150,306,31
2021-06-22 22:22:48.288902,1 646,73,21,12,2 260,1487,1 150,306,31
2021-06-22 22:38:10.414256,1 646,73,21,12,2 260,1487,1 150,306,31
